dataset,features_finite,file,n_native_ch,n_neg,n_pos,n_trials,n_windows,native_channels,note_effective_sfreq,note_inbox_frac_xoff0,note_inbox_frac_xoff1920,note_n_aligned_kept,note_n_pages,note_n_paired_trials,note_n_presses,note_n_presses_dropped,note_n_selected_products,note_n_sheet_rows,note_n_source_epochs,note_n_start_markers,note_naive_positional_agreement,note_sheet_retention,note_skipped_edge_epochs,sfreq,subject_id
neuma,True,/mnt/Neuma_Model/DataSource/S01.xdf,20,54,15,69,69,P3|C3|F3|Fz|F4|C4|P4|Cz|Pz|Fp1|Fp2|T3|T5|O1|O2|F7|F8|A2|T6|T4,299.995,0.8959,0.0,,16,,,,12,,,,,,0,300.0,S01
neuma,True,/mnt/Neuma_Model/DataSource/S02.xdf,20,42,21,63,63,P3|C3|F3|Fz|F4|C4|P4|Cz|Pz|Fp1|Fp2|T3|T5|O1|O2|F7|F8|A2|T6|T4,300.0,0.8758,0.0,,7,,,,15,,,,,,0,300.0,S02
neuma,True,/mnt/Neuma_Model/DataSource/S03.xdf,20,49,16,65,65,P3|C3|F3|Fz|F4|C4|P4|Cz|Pz|Fp1|Fp2|T3|T5|O1|O2|F7|F8|A2|T6|T4,299.993,0.8249,0.0306,,7,,,,15,,,,,,0,300.0,S03
neuma,True,/mnt/Neuma_Model/DataSource/S05.xdf,20,72,13,85,85,P3|C3|F3|Fz|F4|C4|P4|Cz|Pz|Fp1|Fp2|T3|T5|O1|O2|F7|F8|A2|T6|T4,299.994,0.7918,0.034,,9,,,,8,,,,,,0,300.0,S05
neuma,True,/mnt/Neuma_Model/DataSource/S06.xdf,20,99,40,139,139,P3|C3|F3|Fz|F4|C4|P4|Cz|Pz|Fp1|Fp2|T3|T5|O1|O2|F7|F8|A2|T6|T4,299.997,0.8363,0.0044,,7,,,,23,,,,,,0,300.0,S06
neuma,True,/mnt/Neuma_Model/DataSource/S07.xdf,20,70,16,86,86,P3|C3|F3|Fz|F4|C4|P4|Cz|Pz|Fp1|Fp2|T3|T5|O1|O2|F7|F8|A2|T6|T4,300.004,0.8594,0.0,,7,,,,12,,,,,,0,300.0,S07
neuma,True,/mnt/Neuma_Model/DataSource/S08.xdf,20,62,21,83,83,P3|C3|F3|Fz|F4|C4|P4|Cz|Pz|Fp1|Fp2|T3|T5|O1|O2|F7|F8|A2|T6|T4,299.997,0.8759,0.0069,,19,,,,13,,,,,,0,300.0,S08
neuma,True,/mnt/Neuma_Model/DataSource/S09.xdf,20,92,28,120,120,P3|C3|F3|Fz|F4|C4|P4|Cz|Pz|Fp1|Fp2|T3|T5|O1|O2|F7|F8|A2|T6|T4,300.0,0.5788,0.0666,,11,,,,19,,,,,,0,300.0,S09
neuma,True,/mnt/Neuma_Model/DataSource/S10.xdf,20,221,52,273,273,P3|C3|F3|Fz|F4|C4|P4|Cz|Pz|Fp1|Fp2|T3|T5|O1|O2|F7|F8|A2|T6|T4,300.005,0.7534,0.0376,,12,,,,22,,,,,,0,300.0,S10
neuma,True,/mnt/Neuma_Model/DataSource/S12.xdf,20,75,28,103,103,P3|C3|F3|Fz|F4|C4|P4|Cz|Pz|Fp1|Fp2|T3|T5|O1|O2|F7|F8|A2|T6|T4,299.995,0.874,0.0,,7,,,,21,,,,,,0,300.0,S12
neuma,True,/mnt/Neuma_Model/DataSource/S13.xdf,20,236,79,315,315,P3|C3|F3|Fz|F4|C4|P4|Cz|Pz|Fp1|Fp2|T3|T5|O1|O2|F7|F8|A2|T6|T4,299.997,0.7902,0.029,,7,,,,32,,,,,,0,300.0,S13
neuma,True,/mnt/Neuma_Model/DataSource/S14.xdf,20,40,15,55,55,P3|C3|F3|Fz|F4|C4|P4|Cz|Pz|Fp1|Fp2|T3|T5|O1|O2|F7|F8|A2|T6|T4,299.998,0.8366,0.0047,,8,,,,9,,,,,,0,300.0,S14
neuma,True,/mnt/Neuma_Model/DataSource/S15.xdf,20,144,71,215,215,P3|C3|F3|Fz|F4|C4|P4|Cz|Pz|Fp1|Fp2|T3|T5|O1|O2|F7|F8|A2|T6|T4,299.999,0.8135,0.0057,,10,,,,29,,,,,,0,300.0,S15
neuma,True,/mnt/Neuma_Model/DataSource/S16.xdf,20,181,43,224,224,P3|C3|F3|Fz|F4|C4|P4|Cz|Pz|Fp1|Fp2|T3|T5|O1|O2|F7|F8|A2|T6|T4,299.995,0.9077,0.0,,8,,,,19,,,,,,0,300.0,S16
neuma,True,/mnt/Neuma_Model/DataSource/S17.xdf,20,63,27,90,90,P3|C3|F3|Fz|F4|C4|P4|Cz|Pz|Fp1|Fp2|T3|T5|O1|O2|F7|F8|A2|T6|T4,299.998,0.8977,0.0,,7,,,,22,,,,,,0,300.0,S17
neuma,True,/mnt/Neuma_Model/DataSource/S18.xdf,20,30,26,56,56,P3|C3|F3|Fz|F4|C4|P4|Cz|Pz|Fp1|Fp2|T3|T5|O1|O2|F7|F8|A2|T6|T4,299.995,0.9134,0.0,,13,,,,20,,,,,,0,300.0,S18
neuma,True,/mnt/Neuma_Model/DataSource/S19.xdf,20,100,18,118,118,P3|C3|F3|Fz|F4|C4|P4|Cz|Pz|Fp1|Fp2|T3|T5|O1|O2|F7|F8|A2|T6|T4,299.996,0.8725,0.0,,19,,,,12,,,,,,0,300.0,S19
neuma,True,/mnt/Neuma_Model/DataSource/S20.xdf,20,39,17,56,56,P3|C3|F3|Fz|F4|C4|P4|Cz|Pz|Fp1|Fp2|T3|T5|O1|O2|F7|F8|A2|T6|T4,299.993,0.922,0.0,,7,,,,15,,,,,,0,300.0,S20
neuma,True,/mnt/Neuma_Model/DataSource/S21.xdf,20,100,35,135,135,P3|C3|F3|Fz|F4|C4|P4|Cz|Pz|Fp1|Fp2|T3|T5|O1|O2|F7|F8|A2|T6|T4,299.994,0.8571,0.0,,7,,,,23,,,,,,0,300.0,S21
neuma,True,/mnt/Neuma_Model/DataSource/S22.xdf,20,44,35,79,79,P3|C3|F3|Fz|F4|C4|P4|Cz|Pz|Fp1|Fp2|T3|T5|O1|O2|F7|F8|A2|T6|T4,299.994,0.9273,0.0,,13,,,,21,,,,,,0,300.0,S22
neuma,True,/mnt/Neuma_Model/DataSource/S23.xdf,20,43,27,70,70,P3|C3|F3|Fz|F4|C4|P4|Cz|Pz|Fp1|Fp2|T3|T5|O1|O2|F7|F8|A2|T6|T4,299.997,0.8766,0.0,,13,,,,21,,,,,,0,300.0,S23
neuma,True,/mnt/Neuma_Model/DataSource/S24.xdf,20,193,28,221,221,P3|C3|F3|Fz|F4|C4|P4|Cz|Pz|Fp1|Fp2|T3|T5|O1|O2|F7|F8|A2|T6|T4,299.998,0.9126,0.0,,13,,,,18,,,,,,0,300.0,S24
neuma,True,/mnt/Neuma_Model/DataSource/S25.xdf,20,31,11,42,42,P3|C3|F3|Fz|F4|C4|P4|Cz|Pz|Fp1|Fp2|T3|T5|O1|O2|F7|F8|A2|T6|T4,299.999,0.9242,0.0,,15,,,,7,,,,,,0,300.0,S25
neuma,True,/mnt/Neuma_Model/DataSource/S26.xdf,20,185,84,269,269,P3|C3|F3|Fz|F4|C4|P4|Cz|Pz|Fp1|Fp2|T3|T5|O1|O2|F7|F8|A2|T6|T4,299.997,0.8931,0.0,,7,,,,33,,,,,,0,300.0,S26
neuma,True,/mnt/Neuma_Model/DataSource/S27.xdf,20,35,14,49,49,P3|C3|F3|Fz|F4|C4|P4|Cz|Pz|Fp1|Fp2|T3|T5|O1|O2|F7|F8|A2|T6|T4,299.998,0.9034,0.0,,7,,,,10,,,,,,0,300.0,S27
neuma,True,/mnt/Neuma_Model/DataSource/S28.xdf,20,123,29,152,152,P3|C3|F3|Fz|F4|C4|P4|Cz|Pz|Fp1|Fp2|T3|T5|O1|O2|F7|F8|A2|T6|T4,299.992,0.9069,0.0,,7,,,,16,,,,,,0,300.0,S28
neuma,True,/mnt/Neuma_Model/DataSource/S29.xdf,20,87,22,109,109,P3|C3|F3|Fz|F4|C4|P4|Cz|Pz|Fp1|Fp2|T3|T5|O1|O2|F7|F8|A2|T6|T4,299.995,0.8594,0.0,,19,,,,14,,,,,,0,300.0,S29
neuma,True,/mnt/Neuma_Model/DataSource/S30.xdf,20,30,23,53,53,P3|C3|F3|Fz|F4|C4|P4|Cz|Pz|Fp1|Fp2|T3|T5|O1|O2|F7|F8|A2|T6|T4,299.998,0.9192,0.0,,13,,,,20,,,,,,0,300.0,S30
neuma,True,/mnt/Neuma_Model/DataSource/S31.xdf,20,65,34,99,99,P3|C3|F3|Fz|F4|C4|P4|Cz|Pz|Fp1|Fp2|T3|T5|O1|O2|F7|F8|A2|T6|T4,299.994,0.8833,0.0,,7,,,,25,,,,,,0,300.0,S31
neuma,True,/mnt/Neuma_Model/DataSource/S32.xdf,20,79,22,101,101,P3|C3|F3|Fz|F4|C4|P4|Cz|Pz|Fp1|Fp2|T3|T5|O1|O2|F7|F8|A2|T6|T4,299.997,0.8456,0.0,,7,,,,17,,,,,,0,300.0,S32
neuma,True,/mnt/Neuma_Model/DataSource/S33.xdf,20,65,32,97,97,P3|C3|F3|Fz|F4|C4|P4|Cz|Pz|Fp1|Fp2|T3|T5|O1|O2|F7|F8|A2|T6|T4,300.011,0.8509,0.0,,7,,,,21,,,,,,0,300.0,S33
neuma,True,/mnt/Neuma_Model/DataSource/S34.xdf,20,194,41,235,235,P3|C3|F3|Fz|F4|C4|P4|Cz|Pz|Fp1|Fp2|T3|T5|O1|O2|F7|F8|A2|T6|T4,299.996,0.9076,0.0,,7,,,,23,,,,,,0,300.0,S34
neuma,True,/mnt/Neuma_Model/DataSource/S35.xdf,20,76,25,101,101,P3|C3|F3|Fz|F4|C4|P4|Cz|Pz|Fp1|Fp2|T3|T5|O1|O2|F7|F8|A2|T6|T4,299.997,0.8206,0.0,,7,,,,17,,,,,,0,300.0,S35
neuma,True,/mnt/Neuma_Model/DataSource/S36.xdf,20,36,15,51,51,P3|C3|F3|Fz|F4|C4|P4|Cz|Pz|Fp1|Fp2|T3|T5|O1|O2|F7|F8|A2|T6|T4,299.992,0.8676,0.0,,7,,,,14,,,,,,0,300.0,S36
neuma,True,/mnt/Neuma_Model/DataSource/S37.xdf,20,40,26,66,66,P3|C3|F3|Fz|F4|C4|P4|Cz|Pz|Fp1|Fp2|T3|T5|O1|O2|F7|F8|A2|T6|T4,300.0,0.9072,0.0,,7,,,,22,,,,,,0,300.0,S37
neuma,True,/mnt/Neuma_Model/DataSource/S38.xdf,20,132,49,181,181,P3|C3|F3|Fz|F4|C4|P4|Cz|Pz|Fp1|Fp2|T3|T5|O1|O2|F7|F8|A2|T6|T4,299.994,0.8601,0.0,,13,,,,27,,,,,,0,300.0,S38
neuma,True,/mnt/Neuma_Model/DataSource/S39.xdf,20,24,15,39,39,P3|C3|F3|Fz|F4|C4|P4|Cz|Pz|Fp1|Fp2|T3|T5|O1|O2|F7|F8|A2|T6|T4,300.0,0.9299,0.0,,7,,,,13,,,,,,0,300.0,S39
neuma,True,/mnt/Neuma_Model/DataSource/S40.xdf,20,39,26,65,65,P3|C3|F3|Fz|F4|C4|P4|Cz|Pz|Fp1|Fp2|T3|T5|O1|O2|F7|F8|A2|T6|T4,300.0,0.9291,0.0,,7,,,,17,,,,,,0,300.0,S40
neuma,True,/mnt/Neuma_Model/DataSource/S41.xdf,20,30,18,48,48,P3|C3|F3|Fz|F4|C4|P4|Cz|Pz|Fp1|Fp2|T3|T5|O1|O2|F7|F8|A2|T6|T4,300.004,0.8119,0.0,,10,,,,12,,,,,,0,300.0,S41
neuma,True,/mnt/Neuma_Model/DataSource/S42.xdf,20,38,25,63,63,P3|C3|F3|Fz|F4|C4|P4|Cz|Pz|Fp1|Fp2|T3|T5|O1|O2|F7|F8|A2|T6|T4,299.993,0.8926,0.0,,12,,,,20,,,,,,0,300.0,S42
neuma,True,/mnt/Neuma_Model/DataSource/S43.xdf,20,65,21,86,86,P3|C3|F3|Fz|F4|C4|P4|Cz|Pz|Fp1|Fp2|T3|T5|O1|O2|F7|F8|A2|T6|T4,300.002,0.8889,0.0,,7,,,,16,,,,,,0,300.0,S43
neuma,True,/mnt/Neuma_Model/DataSource/S44.xdf,20,66,16,82,82,P3|C3|F3|Fz|F4|C4|P4|Cz|Pz|Fp1|Fp2|T3|T5|O1|O2|F7|F8|A2|T6|T4,299.998,0.8964,0.0,,9,,,,16,,,,,,0,300.0,S44
restaurant_logo,True,/home/nvidia/24PHD1314/eeg-crossdomain-workspace/data/raw/restaurant_logo/Neuromarketing/Subject 1/Sub1_Test.set,8,14,16,30,90,C4|Cz|Fz|C3|Pz|PO7|Oz|PO8,,,,30,,31,31,1,,30,,67,1.0,1.0,,250.0,S1
restaurant_logo,True,/home/nvidia/24PHD1314/eeg-crossdomain-workspace/data/raw/restaurant_logo/Neuromarketing/Subject 2/Sub2_Test.set,8,12,18,30,90,C4|Cz|Fz|C3|Pz|PO7|Oz|PO8,,,,30,,31,31,1,,30,,66,0.5667,1.0,,250.0,S2
restaurant_logo,True,/home/nvidia/24PHD1314/eeg-crossdomain-workspace/data/raw/restaurant_logo/Neuromarketing/Subject 3/Sub3_Test.set,8,1,25,26,78,C4|Cz|Fz|C3|Pz|PO7|Oz|PO8,,,,26,,26,26,0,,30,,68,0.8462,0.8667,,250.0,S3
restaurant_logo,True,/home/nvidia/24PHD1314/eeg-crossdomain-workspace/data/raw/restaurant_logo/Neuromarketing/Subject 4/Sub4_Test.set,8,15,15,30,90,C4|Cz|Fz|C3|Pz|PO7|Oz|PO8,,,,30,,30,30,0,,30,,67,1.0,1.0,,250.0,S4
restaurant_logo,True,/home/nvidia/24PHD1314/eeg-crossdomain-workspace/data/raw/restaurant_logo/Neuromarketing/Subject 5/Sub5_Test.set,8,10,20,30,90,C4|Cz|Fz|C3|Pz|PO7|Oz|PO8,,,,30,,32,32,2,,30,,67,0.6,1.0,,250.0,S5
restaurant_logo,True,/home/nvidia/24PHD1314/eeg-crossdomain-workspace/data/raw/restaurant_logo/Neuromarketing/Subject 6/Sub6_Test.set,8,14,16,30,90,C4|Cz|Fz|C3|Pz|PO7|Oz|PO8,,,,30,,31,31,1,,30,,66,0.5667,1.0,,250.0,S6
restaurant_logo,True,/home/nvidia/24PHD1314/eeg-crossdomain-workspace/data/raw/restaurant_logo/Neuromarketing/Subject 7/Sub7_Test.set,8,2,28,30,90,C4|Cz|Fz|C3|Pz|PO7|Oz|PO8,,,,30,,31,31,1,,30,,67,0.9333,1.0,,250.0,S7
restaurant_logo,True,/home/nvidia/24PHD1314/eeg-crossdomain-workspace/data/raw/restaurant_logo/Neuromarketing/Subject 8/Sub8_Test.set,8,14,16,30,90,C4|Cz|Fz|C3|Pz|PO7|Oz|PO8,,,,30,,32,32,2,,30,,67,0.5,1.0,,250.0,S8
restaurant_logo,True,/home/nvidia/24PHD1314/eeg-crossdomain-workspace/data/raw/restaurant_logo/Neuromarketing/Subject 9/Sub9_Test.set,8,9,21,30,90,C4|Cz|Fz|C3|Pz|PO7|Oz|PO8,,,,30,,31,31,1,,30,,66,0.5,1.0,,250.0,S9
restaurant_logo,True,/home/nvidia/24PHD1314/eeg-crossdomain-workspace/data/raw/restaurant_logo/Neuromarketing/Subject 10/Sub10_Test.set,8,8,21,29,87,C4|Cz|Fz|C3|Pz|PO7|Oz|PO8,,,,29,,31,31,2,,30,,67,0.4667,0.9667,,250.0,S10
restaurant_logo,True,/home/nvidia/24PHD1314/eeg-crossdomain-workspace/data/raw/restaurant_logo/Neuromarketing/Subject 11/Sub11_Test.set,8,10,20,30,90,C4|Cz|Fz|C3|Pz|PO7|Oz|PO8,,,,30,,33,33,3,,30,,67,0.6333,1.0,,250.0,S11
restaurant_logo,True,/home/nvidia/24PHD1314/eeg-crossdomain-workspace/data/raw/restaurant_logo/Neuromarketing/Subject 12/Sub12_Test.set,8,2,28,30,90,C4|Cz|Fz|C3|Pz|PO7|Oz|PO8,,,,30,,31,31,1,,30,,66,0.8667,1.0,,250.0,S12
restaurant_logo,True,/home/nvidia/24PHD1314/eeg-crossdomain-workspace/data/raw/restaurant_logo/Neuromarketing/Subject 13/Sub13_Test.set,8,4,25,29,87,C4|Cz|Fz|C3|Pz|PO7|Oz|PO8,,,,29,,31,31,2,,30,,67,0.8,0.9667,,250.0,S13
restaurant_logo,True,/home/nvidia/24PHD1314/eeg-crossdomain-workspace/data/raw/restaurant_logo/Neuromarketing/Subject 14/Sub14_Test.set,8,13,15,28,84,C4|Cz|Fz|C3|Pz|PO7|Oz|PO8,,,,28,,30,30,2,,30,,66,0.8667,0.9333,,250.0,S14
restaurant_logo,True,/home/nvidia/24PHD1314/eeg-crossdomain-workspace/data/raw/restaurant_logo/Neuromarketing/Subject 15/Sub15_Test.set,8,12,16,28,84,C4|Cz|Fz|C3|Pz|PO7|Oz|PO8,,,,28,,32,32,4,,30,,66,0.8,0.9333,,250.0,S15
ds007406,True,/home/nvidia/24PHD1314/eeg-crossdomain-workspace/data/raw/ds007406/open Neuro/sub-001/eeg/sub-001_task-extremeversustraditionalvideos_eeg.set,14,3,3,6,180,AF3|F7|F3|FC5|T7|P7|O1|O2|P8|T8|FC6|F4|F8|AF4,,,,,,,,,,,6,,,,,256.0,sub-001
ds007406,True,/home/nvidia/24PHD1314/eeg-crossdomain-workspace/data/raw/ds007406/open Neuro/sub-002/eeg/sub-002_task-extremeversustraditionalvideos_eeg.set,14,3,3,6,180,AF3|F7|F3|FC5|T7|P7|O1|O2|P8|T8|FC6|F4|F8|AF4,,,,,,,,,,,6,,,,,256.0,sub-002
ds007406,True,/home/nvidia/24PHD1314/eeg-crossdomain-workspace/data/raw/ds007406/open Neuro/sub-003/eeg/sub-003_task-extremeversustraditionalvideos_eeg.set,14,3,3,6,180,AF3|F7|F3|FC5|T7|P7|O1|O2|P8|T8|FC6|F4|F8|AF4,,,,,,,,,,,6,,,,,256.0,sub-003
ds007406,True,/home/nvidia/24PHD1314/eeg-crossdomain-workspace/data/raw/ds007406/open Neuro/sub-004/eeg/sub-004_task-extremeversustraditionalvideos_eeg.set,14,3,3,6,180,AF3|F7|F3|FC5|T7|P7|O1|O2|P8|T8|FC6|F4|F8|AF4,,,,,,,,,,,6,,,,,256.0,sub-004
ds007406,True,/home/nvidia/24PHD1314/eeg-crossdomain-workspace/data/raw/ds007406/open Neuro/sub-005/eeg/sub-005_task-extremeversustraditionalvideos_eeg.set,14,3,3,6,180,AF3|F7|F3|FC5|T7|P7|O1|O2|P8|T8|FC6|F4|F8|AF4,,,,,,,,,,,6,,,,,256.0,sub-005
ds007406,True,/home/nvidia/24PHD1314/eeg-crossdomain-workspace/data/raw/ds007406/open Neuro/sub-006/eeg/sub-006_task-extremeversustraditionalvideos_eeg.set,14,3,3,6,180,AF3|F7|F3|FC5|T7|P7|O1|O2|P8|T8|FC6|F4|F8|AF4,,,,,,,,,,,6,,,,,256.0,sub-006
ds007406,True,/home/nvidia/24PHD1314/eeg-crossdomain-workspace/data/raw/ds007406/open Neuro/sub-007/eeg/sub-007_task-extremeversustraditionalvideos_eeg.set,14,3,3,6,180,AF3|F7|F3|FC5|T7|P7|O1|O2|P8|T8|FC6|F4|F8|AF4,,,,,,,,,,,6,,,,,256.0,sub-007
ds007406,True,/home/nvidia/24PHD1314/eeg-crossdomain-workspace/data/raw/ds007406/open Neuro/sub-008/eeg/sub-008_task-extremeversustraditionalvideos_eeg.set,14,3,3,6,180,AF3|F7|F3|FC5|T7|P7|O1|O2|P8|T8|FC6|F4|F8|AF4,,,,,,,,,,,6,,,,,256.0,sub-008
ds007406,True,/home/nvidia/24PHD1314/eeg-crossdomain-workspace/data/raw/ds007406/open Neuro/sub-009/eeg/sub-009_task-extremeversustraditionalvideos_eeg.set,14,3,3,6,180,AF3|F7|F3|FC5|T7|P7|O1|O2|P8|T8|FC6|F4|F8|AF4,,,,,,,,,,,6,,,,,256.0,sub-009
ds007406,True,/home/nvidia/24PHD1314/eeg-crossdomain-workspace/data/raw/ds007406/open Neuro/sub-010/eeg/sub-010_task-extremeversustraditionalvideos_eeg.set,14,3,3,6,180,AF3|F7|F3|FC5|T7|P7|O1|O2|P8|T8|FC6|F4|F8|AF4,,,,,,,,,,,6,,,,,256.0,sub-010
