dataset,protocol,model,seed,n_trials,n_subjects,mcc,kappa,balanced_accuracy,pr_auc,roc_auc,macro_f1,sensitivity,specificity,ece,accuracy
ds007406,epochwise,deepconvnet,0,60,10,-0.2345088235604828,-0.2333333333333334,0.3833333333333333,0.5624701952303497,0.4488888888888889,0.3817878028404344,0.43333333333333335,0.3333333333333333,0.1706436447944078,0.38333333333333336
ds007406,epochwise,deepconvnet,1,60,10,-0.167506302543202,-0.16666666666666674,0.41666666666666663,0.47091869441726547,0.4444444444444445,0.4152046783625731,0.4666666666666667,0.36666666666666664,0.0753713062142682,0.4166666666666667
ds007406,epochwise,deepconvnet,2,60,10,-0.40089186286863654,-0.3999999999999999,0.3,0.4574819301937737,0.3911111111111111,0.2992213570634038,0.26666666666666666,0.3333333333333333,0.17645390280467735,0.3
ds007406,epochwise,deepconvnet,3,60,10,-0.3363363969981562,-0.33333333333333326,0.33333333333333337,0.4394975308624938,0.36777777777777776,0.33035714285714285,0.4,0.26666666666666666,0.1791210799099321,0.3333333333333333
ds007406,epochwise,deepconvnet,4,60,10,-0.23346307108777453,-0.2333333333333334,0.3833333333333333,0.5494578530217357,0.48666666666666664,0.38316198944151153,0.36666666666666664,0.4,0.05257018319175889,0.38333333333333336
ds007406,epochwise,eegnet,0,60,10,0.0668153104781061,0.06666666666666665,0.5333333333333333,0.5297238154773946,0.5311111111111111,0.5328142380422691,0.5666666666666667,0.5,0.013968036132347253,0.5333333333333333
ds007406,epochwise,eegnet,1,60,10,-0.20044593143431827,-0.19999999999999996,0.4,0.5050333655332316,0.5033333333333334,0.3993325917686318,0.36666666666666664,0.43333333333333335,0.018965054473762087,0.4
ds007406,epochwise,eegnet,2,60,10,0.033351867298253506,0.033333333333333326,0.5166666666666666,0.4943035622528668,0.51,0.5165323701028064,0.5,0.5333333333333333,0.005093796349441002,0.5166666666666667
ds007406,epochwise,eegnet,3,60,10,-0.033501260508640406,-0.03333333333333344,0.48333333333333334,0.5221882645263133,0.5233333333333334,0.48203842940685043,0.43333333333333335,0.5333333333333333,0.031675577322021135,0.48333333333333334
ds007406,epochwise,eegnet,4,60,10,0.0,0.0,0.5,0.5221695562523481,0.5277777777777778,0.4949494949494949,0.6,0.4,0.0667087017330859,0.5
ds007406,epochwise,logreg,0,60,10,0.10005560189476051,0.09999999999999998,0.55,0.5233447829546574,0.5311111111111111,0.5498749652681301,0.5666666666666667,0.5333333333333333,0.20975145113333335,0.55
ds007406,epochwise,logreg,1,60,10,0.0,0.0,0.5,0.5308237544818922,0.4988888888888889,0.5,0.5,0.5,0.24868190768333337,0.5
ds007406,epochwise,logreg,2,60,10,-0.2,-0.19999999999999996,0.4,0.41663486381506004,0.35444444444444445,0.4,0.4,0.4,0.34671315078333337,0.4
ds007406,epochwise,logreg,3,60,10,-0.13608276348795434,-0.1333333333333333,0.43333333333333335,0.5289615458915674,0.4888888888888889,0.4276094276094276,0.5333333333333333,0.3333333333333333,0.3455093639,0.43333333333333335
ds007406,epochwise,logreg,4,60,10,-0.033501260508640406,-0.03333333333333344,0.48333333333333334,0.5635878629227625,0.5077777777777778,0.48203842940685043,0.5333333333333333,0.43333333333333335,0.27866279805666666,0.48333333333333334
ds007406,epochwise,svm_rbf,0,60,10,-0.06726727939963124,-0.06666666666666665,0.4666666666666667,0.4668597390066794,0.4311111111111111,0.4642857142857143,0.4,0.5333333333333333,0.07111885419520535,0.4666666666666667
ds007406,epochwise,svm_rbf,1,60,10,0.07881104062391008,0.06666666666666665,0.5333333333333333,0.6088851653431645,0.5644444444444444,0.49760765550239233,0.8,0.26666666666666666,0.12280301425127929,0.5333333333333333
ds007406,epochwise,svm_rbf,2,60,10,-0.2075143391598224,-0.19999999999999996,0.4,0.4628931742313686,0.4366666666666667,0.3891402714932127,0.5333333333333333,0.26666666666666666,0.10870790418063146,0.4
ds007406,epochwise,svm_rbf,3,60,10,-0.29417420270727607,-0.19999999999999996,0.4,0.46719912322426516,0.40444444444444444,0.306803594351733,0.7666666666666667,0.03333333333333333,0.1741556449494591,0.4
ds007406,epochwise,svm_rbf,4,60,10,-0.036986336072765455,-0.03333333333333344,0.4833333333333333,0.5364283037669817,0.48555555555555546,0.4578839988341591,0.7,0.26666666666666666,0.0325907999474803,0.48333333333333334
ds007406,permuted_subjectwise,deepconvnet,0,60,10,0.23664319132398462,0.23333333333333328,0.6166666666666667,0.5676195371234541,0.52,0.613986013986014,0.5333333333333333,0.7,0.0476666021877382,0.6166666666666667
ds007406,permuted_subjectwise,deepconvnet,1,60,10,-0.10005560189476051,-0.10000000000000009,0.45,0.4775630227636758,0.4766666666666666,0.44984717977215893,0.4666666666666667,0.43333333333333335,0.03667517247360786,0.45
ds007406,permuted_subjectwise,deepconvnet,2,60,10,0.035828718195000935,0.033333333333333326,0.5166666666666666,0.5196997826108168,0.5,0.49985628054038517,0.7,0.3333333333333333,0.07241313055985502,0.5166666666666667
ds007406,permuted_subjectwise,deepconvnet,3,60,10,-0.26943012562182533,-0.2333333333333334,0.3833333333333333,0.4154028316812476,0.3611111111111111,0.34222222222222226,0.6333333333333333,0.13333333333333333,0.1377955107059744,0.38333333333333336
ds007406,permuted_subjectwise,deepconvnet,4,60,10,-0.23664319132398462,-0.2333333333333334,0.3833333333333333,0.4434220787951029,0.3966666666666666,0.37902097902097903,0.3,0.4666666666666667,0.12691635142597887,0.38333333333333336
ds007406,permuted_subjectwise,eegnet,0,60,10,0.0,0.0,0.5,0.499729847263922,0.5044444444444445,0.49776785714285715,0.5666666666666667,0.43333333333333335,0.028150186952617395,0.5
ds007406,permuted_subjectwise,eegnet,1,60,10,0.033351867298253506,0.033333333333333326,0.5166666666666666,0.5021911274573643,0.5122222222222222,0.5165323701028064,0.5,0.5333333333333333,0.029018156267055742,0.5166666666666667
ds007406,permuted_subjectwise,eegnet,2,60,10,0.0,0.0,0.5,0.5023039742023935,0.5022222222222222,0.4791666666666667,0.7,0.3,0.010807236557205498,0.5
ds007406,permuted_subjectwise,eegnet,3,60,10,0.10050378152592121,0.09999999999999998,0.55,0.4226687884374184,0.3811111111111111,0.5488721804511278,0.6,0.5,0.11257033470604157,0.55
ds007406,permuted_subjectwise,eegnet,4,60,10,-0.25080102736500653,-0.2333333333333334,0.3833333333333333,0.484362621497058,0.41555555555555557,0.3618855993101466,0.5666666666666667,0.2,0.01163165767987571,0.38333333333333336
ds007406,permuted_subjectwise,logreg,0,60,10,0.10050378152592121,0.09999999999999998,0.55,0.5362685593886226,0.5133333333333333,0.5488721804511278,0.5,0.6,0.24020780924000001,0.55
ds007406,permuted_subjectwise,logreg,1,60,10,-0.1414213562373095,-0.1333333333333333,0.43333333333333335,0.49954846234567596,0.46888888888888886,0.41714285714285715,0.6,0.26666666666666666,0.3982849855716667,0.43333333333333335
ds007406,permuted_subjectwise,logreg,2,60,10,-0.06666666666666667,-0.06666666666666665,0.4666666666666667,0.499127119105356,0.45999999999999996,0.4666666666666667,0.4666666666666667,0.4666666666666667,0.37799384541399994,0.4666666666666667
ds007406,permuted_subjectwise,logreg,3,60,10,0.0668153104781061,0.06666666666666665,0.5333333333333333,0.4703463409481201,0.45444444444444443,0.5328142380422691,0.5,0.5666666666666667,0.4039487262866666,0.5333333333333333
ds007406,permuted_subjectwise,logreg,4,60,10,-0.1667593364912675,-0.16666666666666674,0.4166666666666667,0.4872478771662735,0.4288888888888889,0.41650458460683526,0.43333333333333335,0.4,0.39068485875650005,0.4166666666666667
ds007406,permuted_subjectwise,svm_rbf,0,60,10,0.0,0.0,0.5,0.5630978726031283,0.5355555555555556,0.4791666666666667,0.7,0.3,0.0755802452533391,0.5
ds007406,permuted_subjectwise,svm_rbf,1,60,10,-0.1345345587992625,-0.1333333333333333,0.43333333333333335,0.45475144361461334,0.4011111111111111,0.4308035714285714,0.5,0.36666666666666664,0.15726831457808427,0.43333333333333335
ds007406,permuted_subjectwise,svm_rbf,2,60,10,-0.03494282789073061,-0.03333333333333344,0.4833333333333333,0.4989189895833541,0.48777777777777775,0.4714407502131287,0.6333333333333333,0.3333333333333333,0.13761152690320658,0.48333333333333334
ds007406,permuted_subjectwise,svm_rbf,3,60,10,0.0,0.0,0.5,0.5865049982878969,0.5344444444444445,0.4791666666666667,0.7,0.3,0.11135565860031638,0.5
ds007406,permuted_subjectwise,svm_rbf,4,60,10,0.0,0.0,0.5,0.5063817148332577,0.5088888888888888,0.4994438264738599,0.4666666666666667,0.5333333333333333,0.013822599458824216,0.5
ds007406,subjectwise,deepconvnet,0,60,10,-0.033351867298253506,-0.03333333333333344,0.48333333333333334,0.5262208601839926,0.5233333333333333,0.4831897749374826,0.4666666666666667,0.5,0.01912069263230985,0.48333333333333334
ds007406,subjectwise,deepconvnet,1,60,10,0.10283867552865915,0.09999999999999998,0.55,0.5059114472566405,0.4944444444444444,0.5437904815544916,0.6666666666666666,0.43333333333333335,0.07204859332181511,0.55
ds007406,subjectwise,deepconvnet,2,60,10,0.03494282789073061,0.033333333333333326,0.5166666666666666,0.5317205832025669,0.5088888888888888,0.5055413469735721,0.6666666666666666,0.36666666666666664,0.0535119694016046,0.5166666666666667
ds007406,subjectwise,deepconvnet,3,60,10,-0.06726727939963124,-0.06666666666666665,0.4666666666666667,0.4985772484029329,0.45444444444444443,0.4642857142857143,0.5333333333333333,0.4,0.05842382520437238,0.4666666666666667
ds007406,subjectwise,deepconvnet,4,60,10,-0.06917144638660747,-0.06666666666666665,0.4666666666666667,0.5061161348081775,0.5022222222222222,0.4570135746606335,0.3333333333333333,0.6,0.03659015016423335,0.4666666666666667
ds007406,subjectwise,eegnet,0,60,10,0.0,0.0,0.5,0.5476362967261895,0.5566666666666666,0.4791666666666667,0.7,0.3,0.006816826925819915,0.5
ds007406,subjectwise,eegnet,1,60,10,-0.03427955850955305,-0.03333333333333344,0.4833333333333333,0.468319337198812,0.45555555555555555,0.4762038862292312,0.6,0.36666666666666664,0.034476936360092095,0.48333333333333334
ds007406,subjectwise,eegnet,2,60,10,0.21213203435596426,0.19999999999999996,0.6000000000000001,0.6310699759437689,0.5877777777777778,0.5885714285714285,0.7666666666666667,0.43333333333333335,0.08742621033555922,0.6
ds007406,subjectwise,eegnet,3,60,10,0.282842712474619,0.2666666666666667,0.6333333333333333,0.6204257049692976,0.6188888888888888,0.6228571428571429,0.8,0.4666666666666667,0.02937695504916412,0.6333333333333333
ds007406,subjectwise,eegnet,4,60,10,-0.07071067811865475,-0.06666666666666665,0.4666666666666667,0.5291603420316249,0.5111111111111112,0.4514285714285714,0.6333333333333333,0.3,0.020221488657666153,0.4666666666666667
ds007406,subjectwise,logreg,0,60,10,0.06666666666666667,0.06666666666666665,0.5333333333333333,0.5823720244669565,0.5477777777777778,0.5333333333333333,0.5333333333333333,0.5333333333333333,0.36014111714999997,0.5333333333333333
ds007406,subjectwise,logreg,1,60,10,0.10005560189476051,0.09999999999999998,0.55,0.6115929464405155,0.5511111111111111,0.5498749652681301,0.5666666666666667,0.5333333333333333,0.35194707101666667,0.55
ds007406,subjectwise,logreg,2,60,10,0.03427955850955305,0.033333333333333326,0.5166666666666666,0.6572262000250113,0.5888888888888889,0.5099971838918614,0.6333333333333333,0.4,0.3544044638,0.5166666666666667
ds007406,subjectwise,logreg,3,60,10,0.2075143391598224,0.19999999999999996,0.6,0.632069575789306,0.6111111111111112,0.5927601809954751,0.7333333333333333,0.4666666666666667,0.32456972344,0.6
ds007406,subjectwise,logreg,4,60,10,0.11547005383792515,0.09999999999999998,0.55,0.5920478370714417,0.6055555555555555,0.52,0.8,0.3,0.3083805745,0.55
ds007406,subjectwise,svm_rbf,0,60,10,0.0,0.0,0.5,0.6098496028457322,0.5433333333333333,0.46172248803827753,0.7666666666666667,0.23333333333333334,0.04745724967315199,0.5
ds007406,subjectwise,svm_rbf,1,60,10,0.0,0.0,0.5,0.6042991415051027,0.5588888888888889,0.45054945054945056,0.8,0.2,0.011369527018437391,0.5
ds007406,subjectwise,svm_rbf,2,60,10,0.0519174131651165,0.033333333333333326,0.5166666666666667,0.560314036538618,0.5044444444444445,0.4334093129273852,0.9,0.13333333333333333,0.08665072581201216,0.5166666666666667
ds007406,subjectwise,svm_rbf,3,60,10,0.11547005383792515,0.09999999999999998,0.55,0.5623291741883739,0.6011111111111112,0.52,0.8,0.3,0.1606386810097571,0.55
ds007406,subjectwise,svm_rbf,4,60,10,0.08333333333333333,0.06666666666666665,0.5333333333333333,0.48645392321875935,0.4633333333333333,0.4871794871794872,0.8333333333333334,0.23333333333333334,0.09861836241231173,0.5333333333333333
neuma,epochwise,deepconvnet,0,4708,42,0.005060121399040457,0.004705260232205188,0.5028599199970092,0.2645380750406672,0.505509522368555,0.4861303926238602,0.43478260869565216,0.5709372312983663,0.2601045928241534,0.5356839422259984
neuma,epochwise,deepconvnet,1,4708,42,0.005520402048672442,0.004937717407201281,0.5031474755654182,0.25955363682855775,0.5051274473083224,0.4768803680339179,0.48236259228876127,0.5239323588420751,0.25661575851252477,0.5131690739167375
neuma,epochwise,deepconvnet,2,4708,42,0.007533727383966751,0.006446278396012528,0.5042948763616861,0.2566183624230785,0.5054826007720032,0.46669970215026146,0.5299425758818704,0.4786471768415019,0.28709658511911873,0.491928632115548
neuma,epochwise,deepconvnet,3,4708,42,0.009624303796010527,0.008558901255472984,0.5054900071500938,0.258690680045891,0.5101477960382226,0.4773731564080165,0.4922067268252666,0.5187732874749211,0.25408365098795116,0.5118946474086661
neuma,epochwise,deepconvnet,4,4708,42,0.005723516384593095,0.005031672280855104,0.5032664478610969,0.2625196350368737,0.5166070982257375,0.47267551453679213,0.5012305168170632,0.5053023789051304,0.24578531559802771,0.5042480883602379
neuma,epochwise,eegnet,0,4708,42,-0.00044993886501001825,-0.0003852471867420437,0.49974348068263763,0.26033776897926586,0.5033085348985009,0.4631990141415175,0.5225594749794914,0.4769274863857839,0.2413072158964691,0.48874256584536957
neuma,epochwise,eegnet,1,4708,42,0.006557983873586439,0.0053109109484487105,0.5037028363606609,0.2594467396690784,0.5092542106435061,0.4522124616956078,0.5783429040196882,0.4290627687016337,0.23633378508129654,0.467714528462192
neuma,epochwise,eegnet,2,4708,42,0.0007531214859836371,0.0006676590521872416,0.5004296874908155,0.25939271106801814,0.5051764704775892,0.472440296421903,0.48810500410172275,0.5127543708799083,0.2418480805884837,0.5063721325403568
neuma,epochwise,eegnet,3,4708,42,-0.009368088126230797,-0.008033485438611487,0.4946583555348334,0.25774691666247945,0.4954228583399697,0.459484375032589,0.5135356849876949,0.4757810260819719,0.2376720094586467,0.48555649957519115
neuma,epochwise,eegnet,4,4708,42,0.011026931785360718,0.00979479959824281,0.5062906013532276,0.25440146112245043,0.5022736405122769,0.4777385674828999,0.4946677604593929,0.5179134422470622,0.23469405709551225,0.5118946474086661
neuma,epochwise,logreg,0,4708,42,0.05328281703807035,0.047839211503561296,0.5303667379795072,0.294469602536166,0.5517350792635286,0.5003187922594129,0.5184577522559475,0.5422757237030668,0.23491132630203906,0.536108751062022
neuma,epochwise,logreg,1,4708,42,0.039058300875221504,0.03479523229628623,0.5222772096811472,0.28317017016328827,0.5402531946765305,0.491619035709279,0.5151763740771124,0.529378045285182,0.23445756385301614,0.5257009345794392
neuma,epochwise,logreg,2,4708,42,0.04199730919396706,0.03779830430223785,0.5239275388182383,0.28033925003048843,0.5338212843317954,0.4956222117248044,0.5061525840853158,0.5417024935511608,0.23563172043755307,0.5324978759558199
neuma,epochwise,logreg,3,4708,42,0.03146129517638945,0.027363533075639435,0.5179536482995544,0.28210978873533266,0.5418363961645778,0.48191308875898675,0.5340442986054142,0.5018629979936945,0.235532190673322,0.510195412064571
neuma,epochwise,logreg,4,4708,42,0.05674721423678681,0.052066606031881624,0.5322095153853985,0.27845846536102126,0.5428723486048148,0.5075426361491004,0.49548810500410173,0.5689309257666954,0.23559883207306712,0.5499150382327952
neuma,epochwise,svm_rbf,0,4708,42,0.01746794576866221,0.013850265568306819,0.509806279715153,0.25472215596503045,0.49879534672547565,0.4515962631689582,0.6045939294503692,0.41501862997993694,0.0018185980125801572,0.4641036533559898
neuma,epochwise,svm_rbf,1,4708,42,-0.0013684200654121587,-0.0013101146691858467,0.4994250064247391,0.2607056980108316,0.5048344839082917,0.4922120614428307,0.16078753076292043,0.8380624820865578,0.0008729946700985208,0.6627017841971113
neuma,epochwise,svm_rbf,2,4708,42,0.002686104051101741,0.0025425709373321226,0.5015053757373167,0.25610663574962794,0.5045220052897998,0.48919917286529613,0.4077112387202625,0.5952995127543709,0.0029422885907694485,0.5467289719626168
neuma,epochwise,svm_rbf,3,4708,42,0.010662929980357123,0.010482528119464152,0.5057489952601532,0.24805971118359998,0.4829760284931594,0.5017227137592314,0.3445447087776866,0.6669532817426197,0.0023891498452629123,0.5834749362786746
neuma,epochwise,svm_rbf,4,4708,42,-0.00017362024355757372,-0.0001643552344152699,0.4999288752580182,0.2557850075149736,0.49442135143593213,0.4911391614262372,0.15176374077112387,0.8480940097449126,0.0023056444291144618,0.6677994902293968
neuma,permuted_subjectwise,deepconvnet,0,4708,42,-0.013487429462209379,-0.012677771969825002,0.49241269467312127,0.259254310973942,0.5121103686706915,0.47974593102111995,0.4044298605414274,0.5803955288048152,0.25065460703088305,0.5348343245539507
neuma,permuted_subjectwise,deepconvnet,1,4708,42,0.01935893745114044,0.018029894815113634,0.5109347531007449,0.26708989521354143,0.5280789900803909,0.49338069693296693,0.4446267432321575,0.5772427629693322,0.2213928426282374,0.5429056924384027
neuma,permuted_subjectwise,deepconvnet,2,4708,42,0.013475355076295388,0.012829926646328094,0.5075242923323295,0.2631498514011814,0.5205518762706934,0.4958050370679796,0.4077112387202625,0.6073373459443967,0.2704049614978164,0.5556499575191164
neuma,permuted_subjectwise,deepconvnet,3,4708,42,0.009021260793549335,0.007676349567636853,0.5051400263949207,0.26099165158836723,0.5082029752008599,0.4659721476508324,0.5365053322395406,0.47377472055030095,0.2560108437843008,0.4900169923534409
neuma,permuted_subjectwise,deepconvnet,4,4708,42,-0.02451251592999819,-0.022818838229864413,0.48615171883225633,0.2559209668737257,0.4978649645634199,0.47219052962810626,0.4085315832649713,0.5637718543995414,0.2617113481741794,0.5235768903993203
neuma,permuted_subjectwise,eegnet,0,4708,42,-0.016830815499550178,-0.015376106633782527,0.49043672002315497,0.25321896387468223,0.4990495148116981,0.4714465746437365,0.4388843314191961,0.5419891086271138,0.24115055850600173,0.5152931180968564
neuma,permuted_subjectwise,eegnet,1,4708,42,-0.007889926536498117,-0.0067286781229647374,0.49550350556806805,0.25763673310775403,0.49801250431744815,0.4587861655143382,0.5200984413453651,0.470908569790771,0.23780973903208136,0.48364485981308414
neuma,permuted_subjectwise,eegnet,2,4708,42,-0.004597480455683467,-0.0042858992342988955,0.4974041232600008,0.25229350495734704,0.5024042514020979,0.4820930914608939,0.42329778506972926,0.5715104614502723,0.2388991502888292,0.5331350892098555
neuma,permuted_subjectwise,eegnet,3,4708,42,-0.012693898095327859,-0.011098092339787868,0.4927553866117607,0.2486791040403955,0.4851731364318328,0.4627380884425803,0.4913863822805578,0.4941243909429636,0.23679199795489503,0.49341546304163125
neuma,permuted_subjectwise,eegnet,4,4708,42,-0.01566269473195537,-0.014940632628555939,0.4912657641230813,0.2526786430717897,0.4934472363746743,0.48206310424548127,0.3806398687448728,0.6018916595012898,0.24403811473408893,0.5446049277824979
neuma,permuted_subjectwise,logreg,0,4708,42,-0.01906218104208123,-0.01739941195085648,0.4891667025229416,0.2590198588777264,0.48583183383567385,0.47017804222140314,0.4380639868744873,0.5402694181713958,0.2366413179078165,0.5138062871707731
neuma,permuted_subjectwise,logreg,1,4708,42,0.02614191865119874,0.02076659654298496,0.5146837911533048,0.27472160291957426,0.5228178752817656,0.45590958598117115,0.6103363412633306,0.4190312410432789,0.23609692525063716,0.4685641461342396
neuma,permuted_subjectwise,logreg,2,4708,42,-0.0015328041072067689,-0.0013480680559685432,0.49912522445440266,0.260749999860526,0.5024304676293077,0.46939503535355576,0.4946677604593929,0.5035826884494125,0.23933220456881907,0.5012744265080714
neuma,permuted_subjectwise,logreg,3,4708,42,0.028368567551218426,0.024709784292249792,0.5161894020137354,0.2762836024967973,0.5233762926774903,0.48085634949496925,0.5299425758818704,0.5024362281456004,0.23230384577740013,0.5095581988105352
neuma,permuted_subjectwise,logreg,4,4708,42,0.016273027441163032,0.01280569826319522,0.5091145475137964,0.27361372827623764,0.5180185422790154,0.4491112055864905,0.6095159967186218,0.40871309830897107,0.244654756057774,0.4607051826677995
neuma,permuted_subjectwise,svm_rbf,0,4708,42,-0.01930297261493956,-0.00885115661539393,0.49690190028851955,0.2590299226937973,0.49506112142909714,0.4357136764998176,0.015586546349466776,0.9782172542275723,0.011263607932645596,0.7289719626168224
neuma,permuted_subjectwise,svm_rbf,1,4708,42,-0.038481032841742174,-0.03825978101654304,0.4798286704892983,0.24026928841309814,0.4652247036331929,0.47966296748019266,0.2723543888433142,0.6873029521352824,0.016051508255918823,0.5798640611724724
neuma,permuted_subjectwise,svm_rbf,2,4708,42,-0.019869637999046605,-0.013422666239943926,0.4895866324045265,0.26272427784697083,0.4954439018586717,0.3954350592601582,0.682526661197703,0.29664660361135,0.0017367921145021073,0.39655904842820733
neuma,permuted_subjectwise,svm_rbf,3,4708,42,-0.0028493689395184475,-0.0025823935946756027,0.49837835588281554,0.24707343793980674,0.4811905035655245,0.47616083559944583,0.4602132895816243,0.5365434221840069,0.01434921477765716,0.5167799490229397
neuma,permuted_subjectwise,svm_rbf,4,4708,42,-0.008687535175387305,-0.005989678645003993,0.4953979352898868,0.25321099041643036,0.4853324323415605,0.4049536108919,0.6792452830188679,0.3115505875609057,0.008599006689928357,0.40675446049277825
neuma,subjectwise,deepconvnet,0,4708,42,-0.01908462156713017,-0.016650922642925448,0.48910839199067224,0.2532529810667945,0.48885246048109476,0.4592628376230443,0.48810500410172275,0.4901117798796217,0.2716162362366822,0.4895921835174172
neuma,subjectwise,deepconvnet,1,4708,42,0.018746891125545583,0.0155130184523814,0.5106357940613074,0.26765478299590906,0.5182128715327275,0.46323496655833185,0.5701394585726005,0.4511321295500143,0.24251232798703445,0.481945624468989
neuma,subjectwise,deepconvnet,2,4708,42,0.0008852930098548003,0.000807787067329091,0.5005031634639372,0.2639859865096137,0.5110054075964986,0.4795747828397908,0.4552912223133716,0.5457151046145027,0.2794832023847358,0.5223024638912489
neuma,subjectwise,deepconvnet,3,4708,42,-0.018725524513631752,-0.01694336323433876,0.4893398706963947,0.24853523868663668,0.4956785547264331,0.46825285319144155,0.44872846595570137,0.529951275437088,0.2548784332956399,0.5089209855564996
neuma,subjectwise,deepconvnet,4,4708,42,0.005439182736936068,0.004907139402722249,0.5030978645883665,0.26157568831479705,0.512164682110023,0.478966595662485,0.4725184577522559,0.533677271424477,0.2828830610914954,0.5178419711129991
neuma,subjectwise,eegnet,0,4708,42,0.01785173128931514,0.016680863394758938,0.5100698527259351,0.26370893040116516,0.5106406140851442,0.4934514901650088,0.4388843314191961,0.5812553740326741,0.23932298895202755,0.544392523364486
neuma,subjectwise,eegnet,1,4708,42,0.025561599181439222,0.02232044890561624,0.5145882136074681,0.27016064845961507,0.5227469856628979,0.48019325491774223,0.5250205086136177,0.5041559186013185,0.24144521020764295,0.5095581988105352
neuma,subjectwise,eegnet,2,4708,42,-0.02228760921797073,-0.017971010010897626,0.4874296129567884,0.2595521447962522,0.4993136756302651,0.43826168386125086,0.5578342904019689,0.4170249355116079,0.24224492207251822,0.4534834324553951
neuma,subjectwise,eegnet,3,4708,42,-0.018834057727758043,-0.01690671513557085,0.4892659244770451,0.254654048731167,0.4896264857723477,0.4662941529723035,0.45775225594749797,0.5207795930065922,0.23516689430520307,0.5044604927782498
neuma,subjectwise,eegnet,4,4708,42,0.0007192673101335443,0.000650812600165418,0.5004094669030124,0.25776667111809054,0.5036701542478165,0.4774526308178872,0.46513535684987695,0.5356835769561479,0.23635576797973487,0.5174171622769753
neuma,subjectwise,logreg,0,4708,42,0.028185795137871544,0.02458639487050751,0.5160855951589092,0.27003068715953593,0.5211716607991693,0.48114562478362444,0.5283018867924528,0.5038693035253654,0.24489911983007645,0.510195412064571
neuma,subjectwise,logreg,1,4708,42,0.0405449406888108,0.03393605008207856,0.5230493539874881,0.28093632410675506,0.5341515147453935,0.4760770649117253,0.5783429040196882,0.46775580395528804,0.2457313805203908,0.4963891248937978
neuma,subjectwise,logreg,2,4708,42,0.02996327718563813,0.027150924506021412,0.5170533618960893,0.2828403523484829,0.5321970538603571,0.49165335071888516,0.48810500410172275,0.5460017196904557,0.23799497150169927,0.5310110450297366
neuma,subjectwise,logreg,3,4708,42,0.021123717020706007,0.018825410483225946,0.5120477083608133,0.2731864060835435,0.5238173836393343,0.4833010817278915,0.4995898277276456,0.524505588993981,0.23703488183729823,0.5180543755310111
neuma,subjectwise,logreg,4,4708,42,0.04939429686715254,0.041794002184816326,0.5281243688413909,0.2794329879582978,0.533081469453628,0.48296870354460386,0.5758818703855619,0.48036686729721984,0.24037381420773152,0.5050977060322854
neuma,subjectwise,svm_rbf,0,4708,42,-0.006779919530401124,-0.0067272760351413385,0.49682666089204297,0.26491337117290137,0.4916603007083554,0.4952228499450795,0.20918785890073832,0.7844654628833476,0.005210328935730365,0.6355140186915887
neuma,subjectwise,svm_rbf,1,4708,42,-0.02543782058942676,-0.025391699167003567,0.4869246860694963,0.24148659677074788,0.46605986093408297,0.4869368242490705,0.26333059885151766,0.7105187732874749,0.002093563935391707,0.594732370433305
neuma,subjectwise,svm_rbf,2,4708,42,0.0029857023816006697,0.002705953096812874,0.5016992347448008,0.24572117554883763,0.4789196845306155,0.47892394327980037,0.46513535684987695,0.5382631126397248,0.004315146878612031,0.5193288020390824
neuma,subjectwise,svm_rbf,3,4708,42,0.023463051271250177,0.02272730565211789,0.5129102575044833,0.2504646576758627,0.48495741097474754,0.5046982157856358,0.3863822805578343,0.6394382344511321,0.005694977382388361,0.5739167374681393
neuma,subjectwise,svm_rbf,4,4708,42,0.011851918135782282,0.00882330057956815,0.5065060916871988,0.25012645896096924,0.4806948640412349,0.4328715464562579,0.6464315012305168,0.3665806821438808,0.005532393176452261,0.4390399320305862
restaurant_logo,epochwise,deepconvnet,0,440,15,0.02593617996254929,0.025629496402877705,0.5135714285714286,0.6828534913345781,0.5145714285714286,0.5101690222028832,0.62,0.40714285714285714,0.2038697461766953,0.5522727272727272
restaurant_logo,epochwise,deepconvnet,1,440,15,0.016913161031156542,0.016183986371379855,0.509047619047619,0.677745882433889,0.5128333333333334,0.4978151698949977,0.5466666666666666,0.4714285714285714,0.1358029136208422,0.5227272727272727
restaurant_logo,epochwise,deepconvnet,2,440,15,0.05011659539417974,0.049202127659574435,0.5264285714285715,0.6807863956193688,0.5190238095238096,0.5205605753273096,0.61,0.44285714285714284,0.1634277745178252,0.5568181818181818
restaurant_logo,epochwise,deepconvnet,3,440,15,0.08231043310884363,0.078656462585034,0.5440476190476191,0.7031884585753906,0.5299047619047619,0.5294015451352129,0.5666666666666667,0.5214285714285715,0.13000620705160226,0.5522727272727272
restaurant_logo,epochwise,deepconvnet,4,440,15,-0.03903600291794133,-0.036363636363636376,0.47904761904761906,0.6792161818329547,0.47245238095238096,0.4641025641025641,0.4866666666666667,0.4714285714285714,0.16177819732463716,0.4818181818181818
restaurant_logo,epochwise,eegnet,0,440,15,-0.0013479402781331159,-0.0011718749999998224,0.49928571428571433,0.6935129598906689,0.5258095238095238,0.46485710557223026,0.42,0.5785714285714286,0.1813405838653897,0.47045454545454546
restaurant_logo,epochwise,eegnet,1,440,15,0.014806016413317299,0.014423076923076872,0.5078571428571428,0.6738069413494682,0.5109047619047619,0.5011917204461624,0.58,0.4357142857142857,0.17516043364761785,0.5340909090909091
restaurant_logo,epochwise,eegnet,2,440,15,0.035609088767913626,0.03526220614828213,0.5185714285714286,0.7113100700957544,0.5405952380952381,0.5154845154845155,0.63,0.40714285714285714,0.17734886008300682,0.5590909090909091
restaurant_logo,epochwise,eegnet,3,440,15,0.07968190728895957,0.07843137254901966,0.5419047619047619,0.705991094424709,0.5245714285714285,0.5358649789029536,0.6266666666666667,0.45714285714285713,0.19127818005103056,0.5727272727272728
restaurant_logo,epochwise,eegnet,4,440,15,-0.03855513472454057,-0.038535645472061786,0.48095238095238096,0.6608477217402411,0.4630952380952381,0.4806195948061959,0.6833333333333333,0.2785714285714286,0.17276247388711485,0.5545454545454546
restaurant_logo,epochwise,logreg,0,440,15,0.24551234982256323,0.23429541595925296,0.6314285714285715,0.8179815137245406,0.672452380952381,0.6086428323498785,0.62,0.6428571428571429,0.13921796915454543,0.6272727272727273
restaurant_logo,epochwise,logreg,1,440,15,0.24611577737865573,0.22447325769854132,0.631904761904762,0.8264977596053495,0.6642142857142856,0.5948691897383795,0.5566666666666666,0.7071428571428572,0.13868168914772727,0.6045454545454545
restaurant_logo,epochwise,logreg,2,440,15,0.2031939106854816,0.19364406779661025,0.6088095238095239,0.81915868681557,0.6579999999999999,0.5875931193281864,0.6033333333333334,0.6142857142857143,0.1430051034090909,0.6068181818181818
restaurant_logo,epochwise,logreg,3,440,15,0.2776248504625154,0.24880191693290732,0.6483333333333333,0.8233308907779908,0.6668095238095239,0.6042478658103609,0.5466666666666666,0.75,0.13782346501136364,0.6113636363636363
restaurant_logo,epochwise,logreg,4,440,15,0.14737925778827338,0.141211604095563,0.5788095238095239,0.8281371979735499,0.6620238095238096,0.5619127416362439,0.5933333333333334,0.5642857142857143,0.15399276669318185,0.5840909090909091
restaurant_logo,epochwise,svm_rbf,0,440,15,-0.004469464014190664,-0.003019323671497487,0.4988095238095238,0.6616977616063398,0.4649285714285714,0.44706597092186184,0.9333333333333333,0.06428571428571428,0.03163209453464576,0.6568181818181819
restaurant_logo,epochwise,svm_rbf,1,440,15,0.09176157322506413,0.08531317494600432,0.5376190476190477,0.7126926149923483,0.5202142857142857,0.5304747914299177,0.8466666666666667,0.22857142857142856,0.0350493157748569,0.65
restaurant_logo,epochwise,svm_rbf,2,440,15,-0.04366042559773806,-0.03956043956043942,0.4828571428571428,0.6472517152315411,0.42954761904761907,0.4621179815209666,0.83,0.1357142857142857,0.07858523951578184,0.6090909090909091
restaurant_logo,epochwise,svm_rbf,3,440,15,0.07296074588606927,0.07187499999999991,0.5383333333333333,0.7051766959184473,0.5298333333333334,0.5327433628318584,0.6266666666666667,0.45,0.035233477164006745,0.5704545454545454
restaurant_logo,epochwise,svm_rbf,4,440,15,-0.02935197542821371,-0.024137931034482696,0.49,0.6564713176733895,0.4258333333333333,0.4562929061784897,0.88,0.1,0.051984938878427076,0.6318181818181818
restaurant_logo,permuted_subjectwise,deepconvnet,0,440,15,0.0557543957723492,0.04976114649681529,0.5297619047619048,0.6850553566276912,0.5034047619047619,0.4984003236126945,0.4666666666666667,0.5928571428571429,0.16933893161458952,0.5068181818181818
restaurant_logo,permuted_subjectwise,deepconvnet,1,440,15,-0.10573204876555968,-0.0964343598055104,0.44333333333333336,0.6548083859210897,0.44930952380952377,0.42722885445770886,0.43666666666666665,0.45,0.1832765342131483,0.4409090909090909
restaurant_logo,permuted_subjectwise,deepconvnet,2,440,15,-0.06787572521712333,-0.06291118421052655,0.4635714285714285,0.6681350890841029,0.47861904761904756,0.4490358126721763,0.47,0.45714285714285713,0.1658951760721252,0.4659090909090909
restaurant_logo,permuted_subjectwise,deepconvnet,3,440,15,-0.03403079837581302,-0.03304347826086973,0.4819047619047619,0.6813181436711274,0.49971428571428567,0.4763636363636364,0.5566666666666666,0.40714285714285714,0.16443421965690724,0.509090909090909
restaurant_logo,permuted_subjectwise,deepconvnet,4,440,15,-0.017272584524684702,-0.017055655296229766,0.490952380952381,0.6739821133242405,0.47102380952380957,0.4885337667027808,0.6033333333333334,0.37857142857142856,0.11822993110752464,0.5318181818181819
restaurant_logo,permuted_subjectwise,eegnet,0,440,15,0.024281203910721503,0.023725834797891032,0.5128571428571429,0.7021805637313759,0.5503809523809523,0.5066169286792788,0.59,0.4357142857142857,0.1667078267400167,0.5409090909090909
restaurant_logo,permuted_subjectwise,eegnet,1,440,15,-0.044137008006443525,-0.04361510791366907,0.47690476190476194,0.6548746160236542,0.46842857142857136,0.4753586989076566,0.5966666666666667,0.35714285714285715,0.17085990040196164,0.5204545454545455
restaurant_logo,permuted_subjectwise,eegnet,2,440,15,0.04609405072521915,0.03941267387944347,0.5242857142857142,0.6881413965593398,0.5205714285714285,0.4825037989966486,0.42,0.6285714285714286,0.18638273186710042,0.4863636363636364
restaurant_logo,permuted_subjectwise,eegnet,3,440,15,0.06273389766674027,0.05994897959183676,0.5335714285714286,0.7579291687088108,0.5744047619047619,0.5198462465592781,0.56,0.5071428571428571,0.18534916596430726,0.5431818181818182
restaurant_logo,permuted_subjectwise,eegnet,4,440,15,-0.049142295765099334,-0.048813868613138744,0.47452380952380946,0.6626475033079647,0.4716666666666667,0.474006326109214,0.6133333333333333,0.3357142857142857,0.18112019621061554,0.525
restaurant_logo,permuted_subjectwise,logreg,0,440,15,-0.060418313580319814,-0.057335581787521184,0.4676190476190476,0.6824477979361787,0.47695238095238096,0.458128078817734,0.5066666666666667,0.42857142857142855,0.21211071399090906,0.4818181818181818
restaurant_logo,permuted_subjectwise,logreg,1,440,15,-0.0022190782894576204,-0.0020424836601307117,0.4988095238095238,0.6987906392913777,0.5132857142857142,0.47883635822829856,0.48333333333333334,0.5142857142857142,0.20648306260031812,0.49318181818181817
restaurant_logo,permuted_subjectwise,logreg,2,440,15,0.04970067269150867,0.04582651391162029,0.5266666666666666,0.7228457831626475,0.5346904761904763,0.50415683272735,0.5033333333333333,0.55,0.1852861507840909,0.5181818181818182
restaurant_logo,permuted_subjectwise,logreg,3,440,15,-0.109714708835907,-0.09404024767801844,0.4421428571428571,0.6530171615446145,0.4305952380952381,0.4112838988124678,0.37,0.5142857142857142,0.26428854712272726,0.4159090909090909
restaurant_logo,permuted_subjectwise,logreg,4,440,15,0.11356397403899043,0.10613598673300162,0.560952380952381,0.7249052667414042,0.555952380952381,0.5385175196386909,0.5433333333333333,0.5785714285714286,0.15818396837272725,0.5545454545454546
restaurant_logo,permuted_subjectwise,svm_rbf,0,440,15,-0.037314471903303746,-0.036231884057971175,0.4833333333333334,0.7175221376754107,0.5475238095238095,0.475902510536925,0.7666666666666667,0.2,0.03947407188092018,0.5863636363636363
restaurant_logo,permuted_subjectwise,svm_rbf,1,440,15,0.0035964675375272214,0.003542510121457454,0.5016666666666667,0.6719655635180595,0.4964047619047619,0.49872389717348,0.7533333333333333,0.25,0.05579327937736707,0.5931818181818181
restaurant_logo,permuted_subjectwise,svm_rbf,2,440,15,0.0038248539471547566,0.0012787723785167016,0.5004761904761905,0.6719500833497474,0.4799523809523809,0.4169683849053787,0.9866666666666667,0.014285714285714285,0.047365038700486355,0.6772727272727272
restaurant_logo,permuted_subjectwise,svm_rbf,3,440,15,0.02941336658859615,0.02941176470588225,0.5147619047619048,0.6678644605140405,0.48445238095238097,0.5146943713086174,0.6866666666666666,0.34285714285714286,0.061395467615315925,0.5772727272727273
restaurant_logo,permuted_subjectwise,svm_rbf,4,440,15,-0.00045407403454721134,-0.00044802867383508804,0.49976190476190474,0.6668114370702258,0.46840476190476193,0.49670650416124323,0.6066666666666667,0.39285714285714285,0.052607783626915934,0.5386363636363637
restaurant_logo,subjectwise,deepconvnet,0,440,15,-0.019518001458970664,-0.018181818181818077,0.4895238095238095,0.6648149563872272,0.4759047619047619,0.4735042735042735,0.49333333333333335,0.4857142857142857,0.1754312639566541,0.4909090909090909
restaurant_logo,subjectwise,deepconvnet,1,440,15,0.018739139666284453,0.01856884057971009,0.5097619047619047,0.7224689909659127,0.5487142857142857,0.5072508257016332,0.6266666666666667,0.39285714285714285,0.15759036165069454,0.5522727272727272
restaurant_logo,subjectwise,deepconvnet,2,440,15,-0.07328416800608244,-0.06696428571428581,0.46071428571428574,0.6748117089691008,0.4716666666666667,0.44312350732634675,0.45,0.4714285714285714,0.17048293759721814,0.45681818181818185
restaurant_logo,subjectwise,deepconvnet,3,440,15,0.03950444100560739,0.03897849462365588,0.5207142857142857,0.6689529256088441,0.49476190476190474,0.5165407305982386,0.62,0.42142857142857143,0.1693749322809957,0.5568181818181818
restaurant_logo,subjectwise,deepconvnet,4,440,15,-0.04569033906175434,-0.04263245033112595,0.4754761904761905,0.646540722526693,0.4684047619047619,0.4612888221173124,0.4866666666666667,0.4642857142857143,0.15832491226028644,0.47954545454545455
restaurant_logo,subjectwise,eegnet,0,440,15,0.01777009222950583,0.01686340640809436,0.5095238095238095,0.6909946557985236,0.5113333333333334,0.4961541785498228,0.5333333333333333,0.4857142857142857,0.18516889883074772,0.5181818181818182
restaurant_logo,subjectwise,eegnet,1,440,15,0.006684386447733116,0.006421232876712368,0.5035714285714286,0.6840338797284435,0.5195714285714286,0.4937813183277989,0.55,0.45714285714285713,0.1682399451563304,0.5204545454545455
restaurant_logo,subjectwise,eegnet,2,440,15,0.031943828249996996,0.029950083194675625,0.5171428571428571,0.6738219989963377,0.504404761904762,0.4999571146753581,0.52,0.5142857142857142,0.18050425616798524,0.5181818181818182
restaurant_logo,subjectwise,eegnet,3,440,15,0.02396976390165164,0.022022838499184405,0.5128571428571429,0.6665975658395442,0.5126904761904763,0.4909137228260869,0.49,0.5357142857142857,0.20833700810925979,0.5045454545454545
restaurant_logo,subjectwise,eegnet,4,440,15,-0.07103188849707023,-0.07065217391304346,0.46595238095238095,0.6416652635761659,0.45583333333333326,0.4634777387827357,0.7033333333333334,0.22857142857142856,0.1730095222140803,0.5522727272727272
restaurant_logo,subjectwise,logreg,0,440,15,0.08162410634052437,0.07578253706754534,0.5438095238095237,0.7664381158277362,0.5867619047619048,0.5213208472876981,0.5233333333333333,0.5642857142857143,0.20764612169545452,0.5363636363636364
restaurant_logo,subjectwise,logreg,1,440,15,0.045248145906160255,0.04228855721393021,0.5242857142857142,0.7599214857001126,0.5718571428571428,0.5055544853271688,0.52,0.5285714285714286,0.19964275072090912,0.5227272727272727
restaurant_logo,subjectwise,logreg,2,440,15,0.12527915021801608,0.11888701517706568,0.5671428571428572,0.802046283443038,0.6279523809523809,0.548440065681445,0.57,0.5642857142857143,0.1745595299636364,0.5681818181818182
restaurant_logo,subjectwise,logreg,3,440,15,0.10610706030924819,0.10025167785234912,0.5569047619047619,0.7459212968434182,0.5662142857142857,0.5379122033186305,0.5566666666666666,0.5571428571428572,0.21030329922727267,0.5568181818181818
restaurant_logo,subjectwise,logreg,4,440,15,0.15082830715620535,0.14413265306122447,0.5807142857142857,0.799154918673638,0.6412142857142857,0.5628450901509845,0.59,0.5714285714285714,0.16542268685227274,0.5840909090909091
restaurant_logo,subjectwise,svm_rbf,0,440,15,0.021322555373316426,0.020703933747411973,0.5095238095238095,0.6926541680361362,0.5076666666666667,0.5046990758920391,0.7833333333333333,0.2357142857142857,0.05014915004278387,0.6090909090909091
restaurant_logo,subjectwise,svm_rbf,1,440,15,0.0017694958208152355,0.001630434782608714,0.5007142857142857,0.6872628184518237,0.5069523809523809,0.4860639972023081,0.83,0.17142857142857143,0.08497695576883496,0.6204545454545455
restaurant_logo,subjectwise,svm_rbf,2,440,15,-0.0035747358200280345,-0.0035282258064515126,0.49833333333333335,0.704788137629313,0.5074761904761904,0.4955630577847592,0.7466666666666667,0.25,0.03999059196152177,0.5886363636363636
restaurant_logo,subjectwise,svm_rbf,3,440,15,-0.037314471903303746,-0.036231884057971175,0.4833333333333334,0.681567669524892,0.486547619047619,0.475902510536925,0.7666666666666667,0.2,0.06600265454042423,0.5863636363636363
restaurant_logo,subjectwise,svm_rbf,4,440,15,-0.021444913808713252,-0.02025586353944564,0.490952380952381,0.7017007999024967,0.5418333333333334,0.47898519163763065,0.8033333333333333,0.17857142857142858,0.03637083382933246,0.6045454545454545
