dataset,protocol,model,metric,n_participants,n_single_class_excluded,participant_mean,ci_lo,ci_hi,pooled_mean_over_seeds,pooled_sd_over_seeds,n_seeds
ds007406,epochwise,deepconvnet,mcc,10,0,-0.13396323471571564,-0.27687074134143047,0.003302036693884249,-0.2745412914116504,0.08310187662291976,5
ds007406,epochwise,eegnet,mcc,10,0,-0.06698161735785783,-0.16079605044571313,0.02002106747616691,-0.026756002833319813,0.09305710097861651,5
ds007406,epochwise,logreg,mcc,10,0,-0.05203067944372926,-0.20386554422985953,0.13089704723924528,-0.05390568442036685,0.10499796415223317,5
ds007406,epochwise,svm_rbf,mcc,10,0,-0.08991922326372759,-0.17559818673198135,-0.0058752118117395,-0.10542622334311702,0.13124882910835786,5
ds007406,permuted_subjectwise,deepconvnet,mcc,10,0,-0.06977042163586723,-0.17611310580735476,0.04062490023689187,-0.06673140186431699,0.1863448486740255,5
ds007406,permuted_subjectwise,eegnet,mcc,10,0,-0.020808802290397617,-0.15967473640002708,0.11429509097817452,-0.02338907570816636,0.11948160374569927,5
ds007406,permuted_subjectwise,logreg,mcc,10,0,-0.041617604580795234,-0.11870521987767572,0.04455936421324821,-0.041505653478243275,0.1078932993410323,5
ds007406,permuted_subjectwise,svm_rbf,mcc,10,0,-0.029586925137065963,-0.11430828468706175,0.05822084194665994,-0.03389547733799862,0.052107642073806304,5
ds007406,subjectwise,deepconvnet,mcc,10,0,-0.0006426532270668042,-0.09529514864488357,0.08716511385665911,-0.00640181793302049,0.06635329828512826,5
ds007406,subjectwise,eegnet,mcc,10,0,0.08861656937412352,-0.03103838065453038,0.20015383090453312,0.07799690204047509,0.1419559822565097,5
ds007406,subjectwise,logreg,mcc,10,0,0.12064724881785278,0.04033229812666162,0.22048484792640075,0.10479724401374557,0.05850449311371838,5
ds007406,subjectwise,svm_rbf,mcc,10,0,0.04925922260119033,-0.03041307486293403,0.12957417329238147,0.05014416006727499,0.04560923508078755,5
neuma,epochwise,deepconvnet,mcc,42,0,-0.01104616887279128,-0.03383203140536233,0.010135893839019845,0.006692414202456654,0.0016900023505507394,5
neuma,epochwise,eegnet,mcc,42,0,0.004368690601765192,-0.015602431693245378,0.02489102831767074,0.0017040020307379957,0.006908154233616174,5
neuma,epochwise,logreg,mcc,42,0,0.03263447033565,0.0036254019947755487,0.05929646243471264,0.04450938730408703,0.009306073986284915,5
neuma,epochwise,svm_rbf,mcc,42,0,-0.010101353924322324,-0.02552881900503339,0.005011072229509335,0.005854987898230269,0.007162969511851199,5
neuma,permuted_subjectwise,deepconvnet,mcc,42,0,0.0002801590491919127,-0.012145791824853727,0.01269938469922153,0.000771121585755518,0.01683768302463873,5
neuma,permuted_subjectwise,eegnet,mcc,42,0,-0.007222547012878427,-0.021864967477741547,0.008207356699936283,-0.011534963063802998,0.004644185792496261,5
neuma,permuted_subjectwise,logreg,mcc,42,0,0.008161717687428308,-0.004541326266286463,0.02035269351038031,0.01003770569885844,0.017971786298542812,5
neuma,permuted_subjectwise,svm_rbf,mcc,42,0,-0.01083385097240291,-0.024693977152269356,0.0026256324331184184,-0.017838109514126822,0.01217208749673349,5
neuma,subjectwise,deepconvnet,mcc,42,0,-0.0004562095048968638,-0.02255055986078946,0.021906413438035576,-0.002547755841685094,0.01458922293310464,5
neuma,subjectwise,eegnet,mcc,42,0,-0.0007419075315001207,-0.019315566232640344,0.017365797216068176,0.0006021861670318272,0.01909053756418906,5
neuma,subjectwise,logreg,mcc,42,0,0.03544641094725186,0.008815491226272211,0.06099458655588111,0.03384240538003581,0.00995585472929883,5
neuma,subjectwise,svm_rbf,mcc,42,0,0.00031762008690485464,-0.015044454044965756,0.016146808131505846,0.0012165863337610491,0.016646601880307005,5
restaurant_logo,epochwise,deepconvnet,mcc,15,0,0.007850523758748435,-0.037096462946118645,0.05753589520692397,0.027248073315757577,0.04014210509250838,5
restaurant_logo,epochwise,eegnet,mcc,15,0,0.03211160188496789,-0.018611183407142722,0.08141780817210245,0.018038787493503364,0.039237119566963484,5
restaurant_logo,epochwise,logreg,mcc,15,0,0.1731440774391456,0.09623236382015214,0.25430168755616506,0.22396522922749784,0.045013639789921935,5
restaurant_logo,epochwise,svm_rbf,mcc,15,0,-0.014144172255582815,-0.05996160574114739,0.030962228972212395,0.01744809081419819,0.05478873009876405,5
restaurant_logo,permuted_subjectwise,deepconvnet,mcc,15,0,-0.00412418397086197,-0.044489484699538,0.03682759559255156,-0.03383135222216631,0.05408986653007956,5
restaurant_logo,permuted_subjectwise,eegnet,mcc,15,0,0.015671993423768366,-0.02945137725830713,0.06706800596910754,0.007965969706227613,0.04625048677386398,5
restaurant_logo,permuted_subjectwise,logreg,mcc,15,0,0.01583536337006754,-0.030993486218958366,0.05750314727081683,-0.001817490795037066,0.07879470916357163,5
restaurant_logo,permuted_subjectwise,svm_rbf,mcc,15,0,0.009416702429417553,-0.020811102700759105,0.03949602689796078,-0.0001867715729145653,0.021378081294118733,5
restaurant_logo,subjectwise,deepconvnet,mcc,15,0,-0.01514879501868391,-0.057459667535807224,0.03017012983238132,-0.016049785570983122,0.04114099385065828,5
restaurant_logo,subjectwise,eegnet,mcc,15,0,0.04572845057939223,-0.011569486234804484,0.10284284050401148,0.00186723646636347,0.03737247989670378,5
restaurant_logo,subjectwise,logreg,mcc,15,0,0.1348480889595505,0.033405323638273164,0.24217644178621645,0.10181735398603084,0.036273333308854135,5
restaurant_logo,subjectwise,svm_rbf,mcc,15,0,0.04589715614377917,-0.006937027942558952,0.1007622246792356,-0.007848414067582674,0.020073999821139065,5
ds007406,epochwise,deepconvnet,roc_auc,10,0,0.4355555555555556,0.33111111111111113,0.5355555555555556,0.42777777777777776,0.04274529791482522,5
ds007406,epochwise,eegnet,roc_auc,10,0,0.5133333333333334,0.4177777777777778,0.5955555555555556,0.5191111111111111,0.010666666666666645,5
ds007406,epochwise,logreg,roc_auc,10,0,0.49333333333333335,0.37111111111111117,0.6244444444444446,0.4762222222222222,0.062470141015676585,5
ds007406,epochwise,svm_rbf,roc_auc,10,0,0.47777777777777775,0.44444444444444453,0.5088888888888891,0.4644444444444444,0.056441819711501834,5
ds007406,permuted_subjectwise,deepconvnet,roc_auc,10,0,0.42666666666666675,0.38666666666666666,0.47111111111111115,0.45088888888888884,0.061404950136243655,5
ds007406,permuted_subjectwise,eegnet,roc_auc,10,0,0.428888888888889,0.37333333333333335,0.48888888888888893,0.46311111111111114,0.05410278284072929,5
ds007406,permuted_subjectwise,logreg,roc_auc,10,0,0.48888888888888893,0.42216666666666663,0.5533333333333335,0.4651111111111111,0.02753762857717274,5
ds007406,permuted_subjectwise,svm_rbf,roc_auc,10,0,0.5022222222222222,0.468888888888889,0.5333333333333334,0.4935555555555555,0.04949822293854675,5
ds007406,subjectwise,deepconvnet,roc_auc,10,0,0.48888888888888893,0.44000000000000006,0.5488888888888889,0.4966666666666666,0.023147407395555174,5
ds007406,subjectwise,eegnet,roc_auc,10,0,0.5888888888888888,0.4844444444444444,0.7066666666666667,0.546,0.057566279567207355,5
ds007406,subjectwise,logreg,roc_auc,10,0,0.62,0.49772222222222223,0.7422222222222222,0.5808888888888889,0.026716619879351835,5
ds007406,subjectwise,svm_rbf,roc_auc,10,0,0.5355555555555556,0.42000000000000004,0.6422222222222222,0.5342222222222223,0.04706916371510659,5
neuma,epochwise,deepconvnet,roc_auc,42,0,0.49579228123859387,0.48221038264745747,0.5086328409470945,0.5085748929425681,0.004423437461624968,5
neuma,epochwise,eegnet,roc_auc,42,0,0.502388900035086,0.48866903784183224,0.5160837758252611,0.5030871429743685,0.0045133152482054305,5
neuma,epochwise,logreg,roc_auc,42,0,0.5262800645753708,0.5058910837681531,0.5452300753881842,0.5421036606082494,0.005752365040249006,5
neuma,epochwise,svm_rbf,roc_auc,42,0,0.4966832497198582,0.48836331609105366,0.5054346420284248,0.49710984317053175,0.008055356592787409,5
neuma,permuted_subjectwise,deepconvnet,roc_auc,42,0,0.5051806160675787,0.4963866885435281,0.5140144622646027,0.5133618349572112,0.010359771646742793,5
neuma,permuted_subjectwise,eegnet,roc_auc,42,0,0.49446821847137457,0.4848916777232051,0.5039716930259016,0.49561732866755026,0.005955997655185641,5
neuma,permuted_subjectwise,logreg,roc_auc,42,0,0.5093702070741257,0.4997209528461996,0.5184543672548297,0.5104950023406507,0.014475448817113252,5
neuma,permuted_subjectwise,svm_rbf,roc_auc,42,0,0.49321499234792876,0.48335356876589414,0.502946531588315,0.4844505325656094,0.011085817956996908,5
neuma,subjectwise,deepconvnet,roc_auc,42,0,0.497483706605787,0.4807617691710533,0.5138700720448922,0.5051827952893554,0.011040315830552904,5
neuma,subjectwise,eegnet,roc_auc,42,0,0.5049252402421305,0.4902553968067764,0.5196657212796094,0.5051995830796943,0.011108740474224782,5
neuma,subjectwise,logreg,roc_auc,42,0,0.532065291001799,0.5112804531892686,0.5514225066031072,0.5288838164995765,0.005319634656913534,5
neuma,subjectwise,svm_rbf,roc_auc,42,0,0.490982317378826,0.4747931580327753,0.5058162823045812,0.48045842423780727,0.00843166848256114,5
restaurant_logo,epochwise,deepconvnet,roc_auc,15,0,0.5143825125491792,0.47834719288427624,0.5580930636955636,0.5097571428571428,0.019575920003691512,5
restaurant_logo,epochwise,eegnet,roc_auc,15,0,0.5385478361145027,0.4937022629222629,0.5882817227988062,0.5129952380952381,0.026662161184012583,5
restaurant_logo,epochwise,logreg,roc_auc,15,0,0.649342785917786,0.5814612680606431,0.7135978432370098,0.6647000000000001,0.00483399244860785,5
restaurant_logo,epochwise,svm_rbf,roc_auc,15,0,0.47705007800841137,0.4501733410493827,0.5029800535035952,0.4740714285714286,0.04388947156535057,5
restaurant_logo,permuted_subjectwise,deepconvnet,roc_auc,15,0,0.49328545312711974,0.4566922486772486,0.5294948941798939,0.4804142857142857,0.019798798607588666,5
restaurant_logo,permuted_subjectwise,eegnet,roc_auc,15,0,0.5384786223036222,0.4839607308201057,0.6115825607956856,0.5170904761904762,0.0420395138604573,5
restaurant_logo,permuted_subjectwise,logreg,roc_auc,15,0,0.5168883360466695,0.4686776521164021,0.554740465676299,0.5022952380952381,0.04434519456693295,5
restaurant_logo,permuted_subjectwise,svm_rbf,roc_auc,15,0,0.5077333876000542,0.47649071123321113,0.5484362918871252,0.49534761904761904,0.027586625468909835,5
restaurant_logo,subjectwise,deepconvnet,roc_auc,15,0,0.5073427011260345,0.4718950534188035,0.5472398677248675,0.4918904761904762,0.029843976743152128,5
restaurant_logo,subjectwise,eegnet,roc_auc,15,0,0.5560514109347442,0.5031633333333332,0.611031340388007,0.5007666666666666,0.022976905490971696,5
restaurant_logo,subjectwise,logreg,roc_auc,15,0,0.6295589370506036,0.5622251154015737,0.6998891159611991,0.5988,0.030270431154305916,5
restaurant_logo,subjectwise,svm_rbf,roc_auc,15,0,0.5508353920770587,0.4858991333435083,0.6066221050400216,0.5100952380952382,0.017801303170212685,5
ds007406,epochwise,deepconvnet,balanced_accuracy,10,0,0.43999999999999995,0.38,0.49674999999999886,0.3633333333333333,0.04136557881996951,5
ds007406,epochwise,eegnet,balanced_accuracy,10,0,0.47000000000000003,0.43,0.5066666666666666,0.4866666666666667,0.04642796092394705,5
ds007406,epochwise,logreg,balanced_accuracy,10,0,0.4766666666666667,0.4066666666666666,0.56,0.47333333333333333,0.052281290471193745,5
ds007406,epochwise,svm_rbf,balanced_accuracy,10,0,0.45999999999999996,0.42333333333333323,0.4966666666666667,0.45666666666666667,0.05120763831912404,5
ds007406,permuted_subjectwise,deepconvnet,balanced_accuracy,10,0,0.47000000000000003,0.42333333333333334,0.5199999999999999,0.4699999999999999,0.08844332774281068,5
ds007406,permuted_subjectwise,eegnet,balanced_accuracy,10,0,0.48999999999999994,0.42333333333333334,0.5500833333333321,0.48999999999999994,0.05637178175095922,5
ds007406,permuted_subjectwise,logreg,balanced_accuracy,10,0,0.48,0.4466666666666666,0.5199999999999999,0.48,0.053124591501697425,5
ds007406,permuted_subjectwise,svm_rbf,balanced_accuracy,10,0,0.4833333333333333,0.44666666666666666,0.52,0.4833333333333333,0.02581988897471611,5
ds007406,subjectwise,deepconvnet,balanced_accuracy,10,0,0.4966666666666667,0.45666666666666667,0.5333333333333333,0.4966666666666667,0.03231786571610886,5
ds007406,subjectwise,eegnet,balanced_accuracy,10,0,0.5366666666666665,0.4833333333333333,0.5866666666666667,0.5366666666666667,0.06699917080747261,5
ds007406,subjectwise,logreg,balanced_accuracy,10,0,0.55,0.5166666666666666,0.5933333333333333,0.55,0.02788866755113586,5
ds007406,subjectwise,svm_rbf,balanced_accuracy,10,0,0.5199999999999999,0.48666666666666664,0.5533333333333333,0.5199999999999999,0.01943650631615101,5
neuma,epochwise,deepconvnet,balanced_accuracy,42,0,0.49588936518435067,0.485685978883951,0.5057678733181932,0.5038117453870609,0.000968974039364898,5
neuma,epochwise,eegnet,balanced_accuracy,42,0,0.5028282018592127,0.4921803982955974,0.5137526075384087,0.500964992284435,0.003934722634345505,5
neuma,epochwise,logreg,balanced_accuracy,42,0,0.5167352001794712,0.501836667574162,0.5305344327120666,0.5253469300327691,0.005261026872921178,5
neuma,epochwise,svm_rbf,balanced_accuracy,42,0,0.4969087341252488,0.4900026997769172,0.5038624969556516,0.503282906479076,0.003947873504870773,5
neuma,permuted_subjectwise,deepconvnet,balanced_accuracy,42,0,0.5002765769973533,0.4934112460451932,0.5071706670342637,0.5004326970666746,0.009497469468060503,5
neuma,permuted_subjectwise,eegnet,balanced_accuracy,42,0,0.4958786113417661,0.48803675305486793,0.5042921539110361,0.49347309991721316,0.0026146716117510637,5
neuma,permuted_subjectwise,logreg,balanced_accuracy,42,0,0.5042396032578753,0.4981007682762582,0.5102708956435581,0.5056559335316362,0.01018786614053843,5
neuma,permuted_subjectwise,svm_rbf,balanced_accuracy,42,0,0.4959782138307854,0.4913504772006293,0.5004363599277082,0.49201869887100935,0.006785600510062004,5
neuma,subjectwise,deepconvnet,balanced_accuracy,42,0,0.49994012317965353,0.48819417731781517,0.5122519887358565,0.49853701696013564,0.008301011248247071,5
neuma,subjectwise,eegnet,balanced_accuracy,42,0,0.5004179493801012,0.4905754018426554,0.5101895558493295,0.5003526141340497,0.010835117880621194,5
neuma,subjectwise,logreg,balanced_accuracy,42,0,0.5185012323283624,0.5044008257612793,0.5318833610019519,0.5192720776489381,0.005655064239354829,5
neuma,subjectwise,svm_rbf,balanced_accuracy,42,0,0.5012322089021615,0.4961810297946144,0.5065726583715345,0.5009733861796045,0.008811218857732816,5
restaurant_logo,epochwise,deepconvnet,balanced_accuracy,15,0,0.5099591168091169,0.475836081094831,0.5484441071428572,0.5144285714285715,0.02146061096821926,5
restaurant_logo,epochwise,eegnet,balanced_accuracy,15,0,0.5197772893772894,0.4930941865079364,0.5481293925518925,0.5097142857142858,0.02026882820553266,5
restaurant_logo,epochwise,logreg,balanced_accuracy,15,0,0.600223076923077,0.5581159340659343,0.6409253998778998,0.6198571428571429,0.024070286346598677,5
restaurant_logo,epochwise,svm_rbf,balanced_accuracy,15,0,0.4912535409035409,0.46732161375661363,0.5147113451363451,0.5095238095238095,0.023775690246805016,5
restaurant_logo,permuted_subjectwise,deepconvnet,balanced_accuracy,15,0,0.4914769434269434,0.46775069444444434,0.5143768243793243,0.4819047619047619,0.02896905847980478,5
restaurant_logo,permuted_subjectwise,eegnet,balanced_accuracy,15,0,0.5147521774521775,0.47873126984126985,0.5624105769230767,0.5044285714285713,0.02435778288969642,5
restaurant_logo,permuted_subjectwise,logreg,balanced_accuracy,15,0,0.5073566137566138,0.48068935846560856,0.5290467923280423,0.49923809523809526,0.042001889602239696,5
restaurant_logo,permuted_subjectwise,svm_rbf,balanced_accuracy,15,0,0.500662271062271,0.4824477207977208,0.5160471916971917,0.5,0.00998752055784736,5
restaurant_logo,subjectwise,deepconvnet,balanced_accuracy,15,0,0.49753998778998787,0.4738131191493692,0.5237123412698413,0.49123809523809525,0.021886327646923314,5
restaurant_logo,subjectwise,eegnet,balanced_accuracy,15,0,0.5343883190883191,0.4978654599104599,0.5754429563492063,0.5018095238095237,0.018468948015962536,5
restaurant_logo,subjectwise,logreg,balanced_accuracy,15,0,0.5688679283679284,0.5184999872812373,0.6205216666666667,0.5545714285714286,0.019390602488128336,5
restaurant_logo,subjectwise,svm_rbf,balanced_accuracy,15,0,0.5287349613349612,0.4978318386243385,0.5624739153439153,0.49657142857142855,0.008886535969766258,5
ds007406,epochwise,deepconvnet,pr_auc,10,0,0.6132222222222222,0.5521083333333333,0.6766749999999998,0.49596524074512366,0.05016226763732271,5
ds007406,epochwise,eegnet,pr_auc,10,0,0.6406666666666667,0.5812194444444445,0.696111111111111,0.514683712808431,0.013015687273790669,5
ds007406,epochwise,logreg,pr_auc,10,0,0.6343333333333333,0.5542194444444445,0.7218916666666665,0.512670562013188,0.05004857721365676,5
ds007406,epochwise,svm_rbf,pr_auc,10,0,0.6248888888888888,0.597,0.6532222222222223,0.5084531011144919,0.05723079047064537,5
ds007406,permuted_subjectwise,deepconvnet,pr_auc,10,0,0.6005555555555555,0.5674444444444445,0.6371111111111112,0.48474145059485946,0.05414337741382645,5
ds007406,permuted_subjectwise,eegnet,pr_auc,10,0,0.5972222222222221,0.5614444444444444,0.6318888888888888,0.4822512717716313,0.03052782153616296,5
ds007406,permuted_subjectwise,logreg,pr_auc,10,0,0.6332222222222221,0.586436111111111,0.6796694444444443,0.49850767179080957,0.02166654158811421,5
ds007406,permuted_subjectwise,svm_rbf,pr_auc,10,0,0.6385555555555557,0.6072222222222223,0.6714444444444444,0.5219310037844501,0.04722062757642527,5
ds007406,subjectwise,deepconvnet,pr_auc,10,0,0.6187777777777778,0.5803333333333334,0.6647777777777778,0.513709254770862,0.012871574195911189,5
ds007406,subjectwise,eegnet,pr_auc,10,0,0.706111111111111,0.6316666666666666,0.7888888888888889,0.5593223313739386,0.060347660636954396,5
ds007406,subjectwise,logreg,pr_auc,10,0,0.7248888888888888,0.639775,0.8109999999999999,0.6150617167586463,0.027119726863775038,5
ds007406,subjectwise,svm_rbf,pr_auc,10,0,0.6738888888888889,0.5965527777777777,0.7498944444444443,0.5646491756593173,0.04416757125237909,5
neuma,epochwise,deepconvnet,pr_auc,42,0,0.3096442474791708,0.284163869141805,0.33699048483763516,0.2603840778750136,0.002812619357399376,5
neuma,epochwise,eegnet,pr_auc,42,0,0.3127226627488548,0.2853284731013068,0.34222269177451625,0.2582651195002585,0.002105229444567161,5
neuma,epochwise,logreg,pr_auc,42,0,0.33201147845518914,0.301121100932653,0.36388120221017156,0.2837094553652594,0.005613585467749878,5
neuma,epochwise,svm_rbf,pr_auc,42,0,0.3080565688338347,0.2842163582874049,0.33293937766760234,0.2550758416848128,0.004064773440888591,5
neuma,permuted_subjectwise,deepconvnet,pr_auc,42,0,0.3105980523434444,0.28550632205022997,0.33740736029997326,0.26128133521015157,0.0037458514286124417,5
neuma,permuted_subjectwise,eegnet,pr_auc,42,0,0.3046936460475559,0.2778157852987913,0.3326688500077189,0.25290138981039373,0.0028555618241535487,5
neuma,permuted_subjectwise,logreg,pr_auc,42,0,0.32125743733239615,0.29466824020180477,0.3495286536828414,0.26887775848617235,0.007411681294967974,5
neuma,permuted_subjectwise,svm_rbf,pr_auc,42,0,0.31531783572112787,0.28777770777636774,0.3430908297984829,0.25246158346202063,0.00808346160768314,5
neuma,subjectwise,deepconvnet,pr_auc,42,0,0.3109354470724816,0.2849403667096783,0.33799496184480887,0.2590009355147502,0.007056046372631874,5
neuma,subjectwise,eegnet,pr_auc,42,0,0.31522663959987696,0.2894884811184863,0.3421221562649558,0.26116848870125803,0.0053653637297532706,5
neuma,subjectwise,logreg,pr_auc,42,0,0.34273828198684597,0.31175418107395464,0.3741822740229356,0.27728535153132305,0.004862745849390496,5
neuma,subjectwise,svm_rbf,pr_auc,42,0,0.31233180870383415,0.28468477015818766,0.3413291652765563,0.2505424520258638,0.007898805486795583,5
restaurant_logo,epochwise,deepconvnet,pr_auc,15,0,0.7143594816258323,0.6407353530191044,0.7924748598741078,0.6847580819592362,0.009369782700106476,5
restaurant_logo,epochwise,eegnet,pr_auc,15,0,0.7223167799664457,0.6451043505889321,0.8032705651297073,0.6890937575001683,0.019131853932281853,5
restaurant_logo,epochwise,logreg,pr_auc,15,0,0.8097758128797378,0.7405093539862027,0.8766269617228288,0.8230212097794002,0.003966692732928983,5
restaurant_logo,epochwise,svm_rbf,pr_auc,15,0,0.7076544542827143,0.6333339567427294,0.7850428675587446,0.6766580210844133,0.026862054852776037,5
restaurant_logo,permuted_subjectwise,deepconvnet,pr_auc,15,0,0.7264435014966856,0.666382609378775,0.7916495647096827,0.6726598177256504,0.01067249966270977,5
restaurant_logo,permuted_subjectwise,eegnet,pr_auc,15,0,0.7291319317281068,0.6593011855205303,0.8025873433469191,0.6931546496662291,0.03660159860777712,5
restaurant_logo,permuted_subjectwise,logreg,pr_auc,15,0,0.7375929832674715,0.672965628073261,0.8043051616609348,0.6964013297352445,0.026811860962419765,5
restaurant_logo,permuted_subjectwise,svm_rbf,pr_auc,15,0,0.7144215403485181,0.6428078190735972,0.792082753865088,0.6792227364254968,0.01926371179621143,5
restaurant_logo,subjectwise,deepconvnet,pr_auc,15,0,0.7135687727481062,0.6330139389229981,0.7981298805986844,0.6755178608915556,0.025307043895754146,5
restaurant_logo,subjectwise,eegnet,pr_auc,15,0,0.7222549080646418,0.6428374776415801,0.8032483451501954,0.671422672787803,0.017068373594326523,5
restaurant_logo,subjectwise,logreg,pr_auc,15,0,0.8122394733779424,0.7511430365871746,0.8739304997548911,0.7746964200975887,0.02218440520620393,5
restaurant_logo,subjectwise,svm_rbf,pr_auc,15,0,0.7410017247214672,0.6707577595860907,0.8129558469749005,0.6935947187089324,0.008679040130719396,5
